PLAYER,POS,TEAM,FPTS,SAL,RST%,player_id,sim_mean,floor_p10,p25,median,p75,ceiling_p90,p95,boom_prob,rookie_fallback
Josh Allen,QB,BUF,25.5,8500,12.3,player_0,25.99065268341573,29.089847598480965,21.098746884493085,25.99065268341573,22.186321578801664,29.5152984308641,17.796731560182252,0.21188609133556535,False
Saquon Barkley,RB,NYG,18.2,7000,8.7,player_1,19.230432438154384,20.656485312518345,16.569111473289343,19.230432438154384,22.99771652146898,21.645745599043778,26.864232683633468,0.1654704290513524,False
Stefon Diggs,WR,BUF,16.8,6500,11.2,player_2,17.535606024633243,20.300181865333716,20.007104678038232,17.535606024633243,18.4995490463107,16.349918824262353,20.611820511655203,0.0842277296396194,False
Travis Kelce,TE,KC,14.5,7500,15.8,player_3,15.439695329680172,13.43096323265766,10.77220011182051,15.439695329680172,12.724023323093428,13.568435660003125,11.593237639929063,0.12912638021213285,False
Chris Boswell,K,PIT,8.2,4800,5.1,player_4,10.82836676261097,12.219765029402868,10.596427023921333,10.82836676261097,10.469300056599288,6.157065028869964,13.363598843815646,0.06270554123039143,False
